id,userId
1,5
2,12
3,15
4,14
5,2
6,2
7,16
8,19
9,4
10,16
11,10
12,7
13,15
14,14
15,2
16,20
17,8
18,9
19,16
20,18
21,11
22,10
23,17
24,17
25,14
26,5
27,7
28,17
29,6
30,9
31,18
32,2
33,14
34,9
35,7
36,12
37,17
38,2
39,10
40,13
41,19
42,5
43,19
44,16
45,5
46,19
47,2
48,8
49,1
50,11
51,20
52,7
53,17
54,4
55,11
56,12
57,8
58,18
59,14
60,7
61,1
62,18
63,1
64,6
65,16
66,7
67,2
68,3
69,6
70,7
71,7
72,4
73,20
74,8
75,14
76,20
77,16
78,11
79,1
80,10
81,20
82,18
83,6
84,20
85,13
86,6
87,2
88,20
89,3
90,14
91,9
92,14
93,8
94,5
95,14
96,9
97,13
98,19
99,4
100,16
101,3
102,2
103,10
104,12
105,3
106,10
107,13
108,3
109,20
110,11
111,5
112,20
113,8
114,2
115,4
116,11
117,11
118,12
119,7
120,10
121,3
122,17
123,9
124,6
125,20
126,18
127,3
128,3
129,6
130,1
131,16
132,18
133,1
134,10
135,12
136,1
137,17
138,7
139,4
140,9
141,7
142,8
143,11
144,18
145,13
146,9
147,9
148,16
149,4
150,6
151,8
152,3
153,8
154,16
155,13
156,17
157,10
158,14
159,15
160,4
161,5
162,6
163,14
164,13
165,16
166,5
167,3
168,3
169,10
170,18
171,2
172,16
173,17
174,18
175,5
176,18
177,19
178,15
179,20
180,3
181,12
182,19
183,6
184,4
185,10
186,12
187,4
188,4
189,14
190,11
191,10
192,3
193,8
194,5
195,11
196,6
197,18
198,7
199,2
200,11
201,20
202,5
203,16
204,20
205,19
206,1
207,6
208,2
209,19
210,13
211,15
212,18
213,3
214,2
215,14
216,9
217,17
218,14
219,6
220,6
221,6
222,14
223,9
224,4
225,13
226,2
227,13
228,9
229,7
230,13
231,1
232,11
233,15
234,11
235,12
236,6
237,14
238,5
239,20
240,13
241,2
242,14
243,7
244,13
245,1
246,13
247,8
248,17
249,4
250,17
251,12
252,12
253,13
254,19
255,5
256,8
257,17
258,5
259,11
260,13
261,1
262,9
263,5
264,18
265,12
266,15
267,5
268,12
269,20
270,9
271,5
272,12
273,17
274,19
275,2
276,18
277,12
278,15
279,14
280,8
281,4
282,18
283,11
284,16
285,19
286,15
287,5
288,4
289,14
290,13
291,9
292,6
293,11
294,9
295,11
296,10
297,19
298,11
299,11
300,8
301,9
302,2
303,2
304,20
305,14
306,12
307,7
308,1
309,18
310,19
311,7
312,5
313,3
314,17
315,7
316,6
317,18
318,10
319,4
320,8
321,1
322,18
323,10
324,2
325,1
326,15
327,13
328,2
329,19
330,7
331,15
332,1
333,10
334,11
335,6
336,1
337,2
338,14
339,3
340,8
341,10
342,4
343,2
344,13
345,16
346,14
347,5
348,20
349,7
350,10
351,9
352,9
353,4
354,7
355,5
356,6
357,13
358,9
359,15
360,4
361,19
362,8
363,20
364,15
365,20
366,19
367,14
368,5
369,15
370,4
371,1
372,12
373,17
374,20
375,9
376,10
377,9
378,11
379,3
380,3
381,2
382,16
383,5
384,1
385,16
386,9
387,11
388,10
389,10
390,10
391,5
392,10
393,11
394,4
395,18
396,20
397,6
398,2
399,15
400,17
401,4
402,17
403,18
404,14
405,10
406,10
407,20
408,3
409,11
410,18
411,8
412,5
413,11
414,5
415,20
416,4
417,11
418,9
419,13
420,6
421,15
422,7
423,1
424,10
425,15
426,3
427,10
428,2
429,11
430,4
431,8
432,10
433,2
434,1
435,10
436,18
437,5
438,16
439,12
440,20
441,9
442,12
443,14
444,19
445,13
446,2
447,5
448,18
449,4
450,6
451,1
452,2
453,8
454,18
455,20
456,2
457,8
458,16
459,13
460,4
461,2
462,2
463,16
464,13
465,7
466,16
467,6
468,9
469,11
470,5
471,3
472,8
473,5
474,5
475,6
476,16
477,18
478,13
479,4
480,12
481,1
482,15
483,19
484,7
485,15
486,7
487,4
488,4
489,11
490,13
491,16
492,1
493,14
494,5
495,7
496,20
497,16
498,11
499,11
500,20
501,11
502,8
503,15
504,14
505,10
506,11
507,20
508,4
509,6
510,20
511,1
512,16
513,7
514,17
515,8
516,5
517,4
518,20
519,3
520,15
521,1
522,9
523,4
524,12
525,16
526,8
527,3
528,1
529,4
530,3
531,3
532,3
533,15
534,20
535,14
536,4
537,6
538,18
539,15
540,19
541,2
542,9
543,8
544,12
545,13
546,20
547,15
548,20
549,13
550,16
551,15
552,4
553,6
554,14
555,6
556,14
557,3
558,4
559,10
560,14
561,1
562,1
563,8
564,11
565,9
566,17
567,17
568,9
569,14
570,18
571,16
572,14
573,16
574,12
575,3
576,8
577,5
578,20
579,18
580,5
581,6
582,17
583,4
584,8
585,18
586,19
587,17
588,14
589,2
590,18
591,3
592,6
593,3
594,11
595,14
596,15
597,3
598,2
599,14
600,13
601,11
602,11
603,2
604,1
605,15
606,7
607,20
608,12
609,6
610,1
611,17
612,14
613,12
614,11
615,7
616,6
617,13
618,11
619,10
620,11
621,4
622,17
623,9
624,15
625,15
626,3
627,5
628,18
629,16
630,7
631,13
632,6
633,6
634,17
635,9
636,10
637,12
638,4
639,12
640,18
641,4
642,17
643,2
644,4
645,18
646,7
647,7
648,1
649,15
650,8
651,3
652,19
653,20
654,18
655,11
656,1
657,12
658,8
659,3
660,10
661,12
662,19
663,5
664,12
665,4
666,8
667,11
668,16
669,7
670,18
671,1
672,20
673,8
674,16
675,1
676,16
677,19
678,15
679,19
680,2
681,19
682,5
683,18
684,17
685,18
686,5
687,8
688,5
689,19
690,17
691,17
692,16
693,18
694,1
695,20
696,2
697,19
698,10
699,16
700,10
701,1
702,6
703,1
704,14
705,20
706,14
707,2
708,10
709,11
710,18
711,20
712,11
713,12
714,16
715,8
716,4
717,9
718,6
719,17
720,1
721,17
722,17
723,20
724,19
725,20
726,3
727,8
728,15
729,3
730,15
731,14
732,12
733,12
734,1
735,20
736,2
737,1
738,17
739,3
740,1
741,15
742,10
743,2
744,19
745,11
746,2
747,7
748,16
749,7
750,1
751,10
752,13
753,3
754,5
755,19
756,11
757,11
758,1
759,14
760,13
761,4
762,5
763,3
764,20
765,14
766,19
767,8
768,16
769,4
770,12
771,18
772,8
773,9
774,10
775,16
776,18
777,20
778,5
779,19
780,12
781,2
782,3
783,9
784,19
785,19
786,9
787,17
788,20
789,17
790,12
791,10
792,10
793,5
794,4
795,14
796,10
797,14
798,11
799,6
800,4
801,7
802,7
803,13
804,1
805,11
806,20
807,8
808,20
809,4
810,11
811,15
812,10
813,1
814,10
815,7
816,13
817,14
818,3
819,11
820,19
821,5
822,11
823,10
824,15
825,8
826,20
827,10
828,8
829,3
830,20
831,13
832,15
833,17
834,7
835,5
836,12
837,7
838,17
839,12
840,15
841,10
842,10
843,2
844,5
845,6
846,19
847,17
848,12
849,18
850,6
851,17
852,5
853,10
854,6
855,15
856,8
857,6
858,4
859,11
860,2
861,17
862,10
863,17
864,16
865,2
866,8
867,20
868,13
869,10
870,13
871,2
872,1
873,20
874,19
875,6
876,1
877,8
878,17
879,3
880,20
881,1
882,6
883,19
884,6
885,10
886,6
887,12
888,4
889,18
890,12
891,15
892,19
893,13
894,19
895,5
896,20
897,2
898,20
899,5
900,16
901,19
902,7
903,15
904,1
905,18
906,19
907,7
908,1
909,7
910,20
911,15
912,15
913,10
914,11
915,12
916,2
917,18
918,10
919,19
920,9
921,5
922,3
923,18
924,6
925,16
926,1
927,16
928,17
929,16
930,6
931,16
932,5
933,14
934,15
935,6
936,6
937,13
938,16
939,7
940,10
941,18
942,7
943,20
944,17
945,12
946,19
947,3
948,15
949,16
950,17
951,4
952,18
953,19
954,1
955,19
956,5
957,5
958,17
959,20
960,18
961,15
962,6
963,6
964,19
965,5
966,11
967,6
968,5
969,4
970,10
971,12
972,10
973,5
974,13
975,1
976,8
977,20
978,20
979,2
980,8
981,5
982,17
983,7
984,15
985,17
986,20
987,5
988,11
989,20
990,3
991,7
992,17
993,17
994,5
995,18
996,1
997,13
998,15
999,15
1000,9
